question,answer,contexts,retrieved_article_ids,top_score,delta_score,latency_seconds
Can I start accepting payments on my site while my Wix Payments account is still under verification?,"You can start accepting payments on your site while your Wix Payments account is still under verification, but there are a few conditions:

1. You must complete the Wix Payments setup process within 30 days from receiving your first payment.
2. Your Wix Payments account will be suspended if you don't complete the setup process within 60 days.

If your Wix Payments account is verified within 60 days of receiving your first payment, you can start accepting payments on your site without any issues.","['e content. In some cases, we may need your cooperation in order to complete the verification process. From the time of the first transaction on your site, you have 30 days to complete your account setup or verification process. If you do not complete these processes within 30 days, your Wix Payments account will be suspended and you will not be able to accept payments through your site.\xa0ActiveYou have connected your Wix Payments account and your site is accepting payments. You are all set to receive weekly payouts to your bank account when applicable. \n\nNote: After your account is active, you may still be required to go through the verification process.\xa0SuspendedYou have not completed account setup or verification process within 30 days as required. You can reactivate your account by compl', ""Wix Payments Verification Process\nImportant:Wix Payments is not yet available to all users.You can start accepting payments on your site using Wix Payments almost immediately. However,\xa0 we need to verify your identity before your account can be fully activated.\xa0To verify your identity:\nFor an individual account: You must complete your Wix Payments account setup within the same country as your bank is located.\xa0 For a business account: The country where your company is registered must match the country where your company's bank is located. This must be the same country in which you complete your Wix Payments account setup. For a sole proprietor (United Kingdom): The country where your company is registered must match the country where your company's bank is located. This must be the same cou"", ""Completing Your Wix Payments Account Setup\nAfter connecting to Wix Payments as your payment provider, you can begin receiving payments through your site immediately. However, in order for Wix Payments to send a payout to your bank account, you must complete the setup process within 30 days from receiving your first payment.Important:If you do not complete account setup within 30 days, your Wix Payments account will be suspended and you will not be able to accept any more payments through your site.If you do not complete account setup within 60 days, previous transactions (if any) will be refunded to your customers. \xa0Completing your Wix Payments account setup\nGo to Accept Payments in your site's dashboard. Click Complete Setup under Wix Payments.\xa0\nSelect an option under Business Type:\nNote:"", ""Wix Payments: Understanding the Status of Your Account\nWix Payments is not yet available for all users.After connecting Wix Payments as a payment method, your account can have one of the below statuses, depending on a number of factors (e.g. whether you've filled in all the relevant information, or if you account requires verification).\xa0To check your account status:\nGo to Accept Payments in your site's dashboard. Check the status next to the relevant payment method.Select a status below to learn more:PendingYou have connected your Wix Payments account to your site, but you cannot yet accept payments.\n\nTo start accepting payments, you need to:\nPublish your site. Upgrade it to a Wix Premium or Studio site plan that allows you to accept payments.Accepting PaymentsYou have connected your Wix P"", ""rovider. Can I change to accept iDeal payments through Wix Payments?Yes. You can switch to Wix Payments if you've already connected your Wix site to a different provider.How can I tell if a payment method is active?In order to accept online payments, you must connect a payment provider.\xa0Once connected, your checkout will be active for your chosen payment method(s).\n\nYou need to have your account successfully verified to receive payouts.How often do I receive payouts?Once your account setup is complete, payouts are sent daily, weekly or monthly, depending on the payout schedule you choose. Please allow 3-5 business days for the funds to appear in your bank account.\xa0""]","['b6c9353c04f2a5e3907ffad8c44109b18c32fbce3efd1a25a7ad0ea9897cb5e1', '49d9e88fadbf11fa4e685c847590078ff9394c2fe7566094f504f53ca4aca465', '11e6ff65a8bb2f65b29f9d2726561da8f5de81543fe3000fe40668f383c88489', 'b6c9353c04f2a5e3907ffad8c44109b18c32fbce3efd1a25a7ad0ea9897cb5e1', '7757b3c1e65b09df05d0088f45a86ff8cf5681e4b6ba741b8c509ddf0e0ca7be']",0.7983052730560303,0.04069986939430237,16.45304274559021
"I am inquiring about purchasing the yearly premium plan for $17.00, which includes a free domain for 1 year. However, the voucher does not show up at checkout. Do I need to purchase the plan first and then will the voucher be available to activate?","You don't need to purchase the plan first. The voucher is offered as a gift with the initial purchase of selected yearly or multi-year Premium or Studio site plans, regardless of whether you have already purchased a site plan or not. Once the voucher has been applied to your initial purchase, it will be automatically reflected in the Premium Vouchers section of your Wix account for any subsequent purchases of the same type of plan.","['sed a monthly plan:\xa0The free domain voucher is offered as a gift with the purchase of selected site plans with a billing cycle of 1 year or longer. Monthly plans do not offer the free domain voucher.\xa0 You purchased your domain name before you purchased an site plan:\xa0If you purchased your domain name prior to purchasing your plan, it is not possible to apply the voucher retroactively or get a refund for the domain. If you received the voucher and already have a domain name, you can use it to get another domain name for free.\xa0 Additional Features:\xa0The free domain voucher applies to the first year of domain registration for a new domain. It does not include domain privacy or additional years of domain registration. You can still use the domain voucher to cover part of the cost while purchasin', 'About Your Free Domain Voucher\nAs a promotional gift, you receive a 1 year free domain voucher with the initial purchase of selected yearly or multi-year Premium or Studio plans.Where can I view my vouchers?Go to the Premium Vouchers page in your Wix account to see and claim your vouchers.\xa0Note:This voucher is only included with the first-time purchase of a site plan. It is not included when renewing a plan or upgrading an existing plan. The voucher is included when changing your subscription period from monthly to yearly.Claiming the voucherThe\xa01 year free domain voucher\xa0enables you to claim a free domain for one year. The voucher is valid for two months from the date that you purchased your plan.\xa0Tip:You can check the expiration date of your voucher in the Premium Vouchers section of you', ""Using Your Free 1 Year Domain Voucher\nYou receive the 1 year free domain voucher with the initial purchase of selected yearly or multi-year Premium or Studio site plans. This voucher enables you to register a domain for free for one year. You can renew the domain the following year for the regular price.\xa0In this article, learn more about:\nUsing your voucher Frequently asked questions (FAQs)Using your voucherYour voucher must be redeemed within 2 months of purchasing your plan. You can check the expiration date of your voucher in the Premium Vouchers section of your account.You will need to enter your payment information when claiming your voucher, but you won't be charged. This allows us to process your renewal after the first year to make sure your domain stays live.To use your voucher:\nG"", ""registration?The free domain voucher does not include privacy protection. However, you can purchase this option for an additional fee.I purchased a plan but didn't get this voucher. Why?If you didn't receive the domain voucher, or believe it wasn't credited to your domain purchase, you may not have been eligible for one of the following reasons:\xa0\nYou purchased a monthly plan:\xa0The free domain voucher is offered as a gift with purchase of selected\xa0yearly or multi-year\xa0Premium or Studio plans. If you chose a monthly billing cycle, you won't receive a free domain voucher. You purchased your domain name before purchasing a plan:\xa0If you purchased your domain name prior to purchasing your Premium plan or Studio plan, it is not possible to apply the voucher retroactively or receive a refund. Addit"", ""Reasons for Not Receiving a Free Domain Voucher\nWith selected yearly Premium or Studio site plans, you receive a free domain voucher.If you didn't receive the voucher, or believe it wasn't credited to your domain purchase, you may not have been eligible for one of the following reasons:\xa0\nYou purchased a monthly plan: The free domain voucher is offered as a gift with purchase of selected yearly site plans. If you purchased a monthly plan you are not eligible for the free domain voucher. You purchased your domain name before you purchased a site plan: If you purchased your domain name prior to purchasing your Wix site plan, it is not possible to apply the voucher retroactively or offer you a refund. If you received the voucher and already have a domain name, you are welcome to use it for the""]","['f31c7e4f6bbfd48699f8397b558090f25f431b4983bd28ed525633cad3f9fd20', '3e86e4683b655df0208424aeda336b4d0afa8f1aafa0ad4c6fa2baed9610bada', '06535db983ea0ffe0214af14497a1d158f279d92c92f211e87b8820aa95dbe43', '3e86e4683b655df0208424aeda336b4d0afa8f1aafa0ad4c6fa2baed9610bada', 'e963147d4ac6765262c56742201c2b11d96b049911518ebac8d0848557c0e32a']",0.7762505412101746,0.014690801501274109,14.500086784362793
I'm want to know how much it would cost to upgrade my email plan.,"I don't know. The text doesn't provide information about the cost of upgrading an email plan. It only discusses the process and features related to upgrading, such as comparing plans, choosing a package that works best for your business, and purchasing additional emails for the same domain.","[""Email Marketing: Upgrading Your Email Marketing Plan\nTo get access to more email marketing features upgrade your email marketing plan and choose the package that works for your business.To upgrade your email marketing plan:\nGo to Email Marketing\xa0in your site's dashboard. Under Monthly Balance click Upgrade. Choose a plan that works best for you and checkout.Want to compare plans before upgrading?Compare the different email marketing plans to see which is right for your business. Choose your plan by the number of emails you’re planning to send a month and any additional features you are interested in.\xa0"", 'Pricing Plans Request: Additional Email Notifications for Pricing Plan Customers\nCurrently, customers receive a confirmation email after they purchase their plan. They do not receive additional email notifications such as renewal reminders, notifications about changes etc.We are always working to update and improve our products, and your feedback is hugely appreciated.', ""limit.Upgrading your email marketing balanceTo send more emails per month, upgrade your email marketing plan and choose the package that works for your business.Want to compare plans before upgrading?Compare the different email marketing plans to see which is right for your business.To upgrade your email marketing balance:\nGo to Email Marketing\xa0in your site's dashboard. Under Monthly Balance click\xa0Upgrade to Send More. Select an email marketing plan and checkout.FAQsClick a question below to learn more about your email marketing monthly balance.\xa0When does my balance reset? The date your balance and email quota resets is determined by your plan.\nFree email marketing plans: The quota resets on the first day of each month at 00:01 UTC for all time zones. Premium email marketing plans: The quo"", 'tunningwebsite.com. If you have already purchased a Google Workspace email, you can also purchase additional emails for the same domain.\xa0Can I change my business email plan to a different plan?Yes. If, at a later date, you decide you need additional storage or features, you can upgrade your Workspace plan whenever you need to.\n\nNote: At the moment, Wix only supports upgrades to higher-tier plans.Is there any limit on the amount of business emails I can buy? You can buy up to 300 business emails, but you can only purchase 20 per transaction. For example, if you want to have 100 business emails, you need to purchase 20 at a time - so you would need to make five transactions.What can I do if I am experiencing issues with the authentication process? After submitting your purchase, your bank ma', 'real-time on documents, presentations, and spreadsheets.FAQsClick a question below to learn more about business emails.How much does a business email cost?The cost of a business email depends on a few factors, including the Google Workspace plan you choose. Upgrading your site to a Premium or Studio site plan does not include a business email.Note: You do not need an active plan to purchase a business email.Does my business email work even if my site is not published at present?Yes, it still works even when your site is not published online.\xa0Your business email is connected to your domain, not your site. \xa0Can I transfer my business email out of Wix to another platform? If you want to move your business email out of Wix, you can only transfer it to Google Workspace. This action disconnects ']","['de6e96935f0b3321cf29416ec164482247b5035f1d2e12b36e203be8126ca8b8', '65b50ba1fa68c8c1b52a16977b09f66bfaf35d07989632563100fbc1d3d7e62e', '352943a1ba104aa2e2985607b96f3aa09a7eb187c4a7b07b7325025c23a4aab8', 'bb528ecfbf28534c702f7e30e97e1709741bb421299f376de6cb2bc8d8226fc4', '97da8e187d7165971e6071a83559c9c45957b7f5daefde64c5281b368416c626']",0.5763165950775146,0.032893240451812744,10.142103910446167
I want to know if the Wix store function work for selling services instead of just physical goods,"I don't know. The text only mentions that customers can use their store's inventory after every sale, but it does not mention anything about accepting payments for services or handling bookings for services like coaching or consultations.","[' bookings, services, coaching, consultations and more. Wix Stores reports focus on purchases and transactions made if you have an online store.', 'Wix Stores: An Overview of Store Features\nWix Stores is an eCommerce platform that offers you tons of exciting features to help you create a stunning and professional online store.We are constantly improving the Wix Stores and adding new options. Take a look at some of the things you can do.Sell your productsYou can offer up to 50,000 products in your online store.\xa0Sell physical or digital products, increase revenue with product subscriptions, connect the right payment method for your business, and start taking secure payments online.\nSell digital products Sell product subscriptions Sell gift cards Display different images for each product option Display product videos Connect multiple payment methods Let customers pay in installments Import store products from other platformsSell dropship', 'Wix Stores: Understanding Dropshipping\nSell merchandise without paying for inventory, managing storage solutions, or dealing with order fulfillment, by connecting to a dropshipping service.\xa0Dropshippers offer thousands of products from a variety of suppliers. After connecting to your favorite dropshipping app, you can choose which products you want to add to your store. When a customer purchases one of these products, the supplier fulfills the order directly to the customer.\xa0Connecting to a dropshipping appTo get started, connect your Wix store with one of the dropshipping options Wix offers.Next, select products that work with your business. For example, if you have a gym, you might want to sell gym equipment, gym bags, and active wear. \xa0After setting the product markup to determine how m', 't for your products and services:\nWix Stores: Let customers purchase store products in person. Your inventory adjusts after every sale. Wix Bookings: Accept payment for your services. Clients can book through your site and pay at the point of sale. Alternatively, you can book for them and accept payment all at once. Wix Restaurants: Accept restaurant orders and automatically send the order to the dashboard. Gift Cards: Sell physical gift cards at your point of sale. Customers can later use them to purchase store products or Wix Bookings services. Wix Events: Sell event tickets at your event, or collect payment in person from guests who booked tickets online. Pricing Plans: Sell clients your membership plans and packages in person. Invoices: Accept payments for invoices.Notes: \nYou can sell', 'Wix Retail POS Request: Integrating a Point of Sale with Wix Restaurants\nCurrently, the Wix Retail Point of Sale (POS) tablet solution for physical stores can only be used to sell Wix Stores products.\xa0We are always working to update and improve our products, and your feedback is greatly appreciated.']","['33dfa4eb3abc1c459f4b8f24cb14757f39c1b9c7c13f598cf904b9d395cc6970', '99ac2273073b59f5ba8e5191c2b180f8aaa7ada41f00942c6a711bc2e1db0bd1', '9daec4c9e176e62ad56ed467d72576d49a3209966b2b77b07bd981385239a955', '4c17bff95739bbc37b2cf9f5e11370b1a6667881a76a4c0ade2f43e6480b9270', '8d22a2cd32c2b0983fcfba65beab1b57cf97fdd9749fa4b623be327253b33c95']",0.7471504807472229,0.018221810460090637,9.376771211624146
How can I add discounts to my service prices when customers pay for a plan?,"You can add discounts to your service prices by creating different price options depending on the client type or staff member, and selecting ""Varied prices"" in the Pricing Plans section. You can then choose which services are included in each package and set a discount rate for those specific packages.","[' one. Scroll down to the Price and Payment section. Choose the relevant price option in the Price type drop-down:\n    \nFixed Price: Set a standard price for the service. No Fee: Choose this option for free service. Varied prices: Create different price options depending on either the client type or the staff member.\nNote:\xa0This feature is not available for everyone yet.\xa0 Custom Price: Describe how you charge for the service, for example, ""Price negotiable"".   Click Create New Plan next to Pricing Plans (Memberships & Packages). Click Package.\xa0 Click Next.\xa0 Enter the plan name and description. Choose the services included in the package:\n    \nClick the What services are included? drop-down.\xa0 Select the checkbox next to the relevant services.\nTip: Click Select All Services to create an all-in', 'You can also offer discounts by including the appointment in a package or membership.\xa0Let your clients pay per session, with a membership plan or package, or have both options to give clients more flexibility when paying.To set your price & payment details:\nScroll down to the Price & payment section.\xa0 Select the relevant option under Choose how clients can pay for this service:\n\nPer session: Clients pay for sessions based on the price you set. With a plan: Clients buy a membership or package to book sessions. Per session or with a plan: Clients pay either per session or with a membership or package.\xa0   Depending on the payment method you chose, follow the steps to set it up:Per sessionSelect the relevant pricing option from the Price type drop-down:\nFixed price: A set amount you choose:\n  ', "" also create a service that is only available as part of a pricing plan.To offer an appointment or class as part of a membership plan or package:\nGo to Booking Services\xa0in your site's dashboard. Create a new appointment or class or edit an existing one.\xa0 Complete the General Info and Service Details sections. Scroll down to Pricing Plans (Memberships & Packages) in the Price & Payment section.\xa0 Click With a plan or Per session or with a plan under Choose how clients pay for this service.\xa0 Choose what you want to do:\n    \nClick + Create New Plan to add your first plan. Click Connect an Existing Plan to connect the service to your existing plans.  Tip:Click here to learn more about offering exclusive services to your Pricing Plan holders.Frequently Asked Questions (FAQs)We are here to help w"", ""service Adding an 'Explore plans' button to the Service List Frequently asked questions (FAQs) about packagesCreating a package for your serviceAs you add new services to your site, you can offer them as part of a package. This is a great way for new clients to experience the full range of services you offer at a discounted rate.For example, clients can book different types of yoga classes offered in a package to see which one is right for them. You choose which services you offer in the package, how many sessions clients can book and how long the package is valid for.\xa0To create a package:\nGo to Booking Services in your site's dashboard. Create a new appointment or class, or edit an existing one. Scroll down to the Price and Payment section. Choose the relevant price option in the Price ty"", "" desktop to\xa0add varied prices to your appointments. You can charge different rates for appointments depending on the staff member, client type, service type and more. Custom price:\xa0Enter a short description of your pricing to display on your site. Clients aren't charged online when booking custom-priced services. Learn more about getting paid offline or in person.\xa0  2. Tap Create service.With a planClients can buy a membership or package and use it to book a session.\xa0\nTap With a plan.\n    \nTap Connect Pricing Plans to connect to an existing plan.\nNote: If you do not have any pricing plans connected, tap\xa0+ Create new plan to connect a Package or Membership. Enable the toggle next to the relevant plans or tap\xa0+ Create new plan.\xa0 Tap Done.   Tap Create service.Tip: If you're having trouble co""]","['63fbb6810b0415cc644278304628988004fc7f1814f4f28840198bb2dccce8df', '78dd4d7f54f233a92c64e73dbdcac1518240eb9850b2dcdfe8f1b95716163a4c', '14fb1c60ad32942cbf2d59897c3eb4299eeaf90e408d951370cea75a898e919f', '63fbb6810b0415cc644278304628988004fc7f1814f4f28840198bb2dccce8df', '682d046c7f413b46b82f6551c744cbc05d115a7e35ee9470287b0511f8e773c7']",0.7055260539054871,0.014013200998306274,13.078473806381226
"I am trying to change the order of the items within a CMS collection on my Wix site, but the provided steps did not work for me.",You are trying to sort items in a CMS collection on your Wix site. I don't know.,"[""at the top that you want to sort items in.\xa0\nClick Sort at the top of your collection. Click + Add a Sort. Click the Sort by drop-down and choose the field you want to sort. Select a sorting option under Select the order (e.g. A-Z, Low-High, Oldest-Newest). The options vary depending on the field type. Click Add Sort.\n(Optional) Mirror the item order to your live site's connected elements:\n    \nClick Mirror on Site at the top of the collection.\xa0 Enable the toggle next to Mirror item order on the site.\xa0  Tips:\nFrom the Table layout, you can manually sort the items too. Click and drag the Reorder icon  next to the relevant items to change their order. This feature is not yet released in all Wix accounts.\xa0 To edit an existing sort, click Sort, then click the Edit icon \xa0or click the Delete icon"", 'Wix Editor: Reordering Menu Items\nYou can reorder the items on your menu from the Menus & Pages panel.To reorder menu items:Click Menus & Pages on the left side of the Editor.\xa0 \xa0 \xa0 \xa0 \xa0 \xa0 \xa0 \xa0 \xa0Click and drag the menu items to a new position in the list.', ""Wix Stores: Changing the Order of Products in a Category\nMake sure your best products are noticed by placing them front and center.\xa0To reorder products on your site, go to the Categories tab in your site's dashboard. When you reorder products there, it changes the order on your site, wherever you display that category.To reorder products:\nGo to Categories\xa0in your site's dashboard. Select the relevant category. Click and drag the products to change the order. Click Save.Tip:If you're using the Category Page, you can override the product order you set in the dashboard.\xa0To do so, click the Category Page in your editor, click Settings, and select the Sorting tab. You can select any of the following order choices from the Order products by drop-down.\n"", ""Wix Stores Request: Changing Information in a Store Order\nWe're thrilled to announce that it's now possible to make changes to an existing order. You can add or remove products, edit prices, add a tip or discount, update customer details, and more. Learn how to edit an order.\xa0"", ""Wix Editor: Reordering Your Site's Pages\nYou can change the order of your site's pages at any time. The order you choose for your pages also determines their order on your site's menu.In this article, learn how to:\nReorder your site's pages View the new page orderReordering your pagesIn the Menus and Pages panel, re-arrange the order of your pages using drag-and-drop. You can change the order at any point, and it updates your site's menu automatically.To reorder your site pages:\nClick Menus & Pages  on the left side of the Editor. Click Site Menu. Click and drag the page up or down the list.Viewing the new page orderWhen you change the order of your site's pages, the order also changes on your site's menu. This order is visible both in the Wix Editor, and on your live site to visitors.""]","['163d579af227160c8072dc465c81d8edea4b507d7e8789078b680f88633aefab', '4a49da72ada451b2fe98a6b10f5dffdc0cf9712dca99c04799fc514d9bb2ff37', 'b254fcee6b0ae875da5b74071a0d306ab6eabd8ec17634d257638716fb529809', '6d2ce7a3f1a94840165880f44ab97d91ff18bd45f2376e88061448f29784c8c3', '702ad5b38a2e466231758fa2d2cd7f89f5528fa75860cd11482ef939d636675d']",0.7030101418495178,0.06403030455112457,9.276632308959961
How do I sync the hotel app with my calendars ical link to allow visitors to book available dates on my site?,"You need to add an iCal link to your Wix Hotels page, specifically in the Calendar section. To do this:

1. Click Wix Hotels app inside the Editor.
2. Click Settings.
3. Click Add-Ons tab icon.
4. Click Add to Site drop-down menu next to ""Calendar"".
5. Select the page you want to place the calendar on.
6. Drag the calendar to where you want it to appear on the page.
7. In the Calendar settings, click on ""Sync"" and then select ""Update from iCal"".","['Adding a Hotel Availability Calendar to Your Site\nImportant:This article refers to the original Wix Hotels.\xa0If you are using the new Wix Hotels by HotelRunner, which is not yet available to all users, please read the information\xa0here. Learn how to check which version of Wix Hotels you are using.\xa0Add a calendar to any page of your site to show your hotel availability. Customers can click the Show Availability For drop-down menu to select which room they want to view.To add a calendar:Click Wix Hotels app inside the Editor.Click Settings.Click the Add-Ons tab icon.Click Add to Site\xa0drop-down menu next to the Calendar.Select the page you want to place the calendar on.\xa0Drag the calendar to where you want it to appear on the page.Tip:Click here to learn how to change the design of the calendar.', 'Wix Hotels by HotelRunner: Connecting Airbnb iCal to Your Site\nThe Airbnb iCal integration helps you manage your calendar availability seamlessly. Follow these steps to set up and manage your Airbnb iCal integration with Wix Hotels by HotelRunner.Important:\niCal Integration: Airbnb iCal uses a one-way iCal integration. This means that while your calendar availability will sync from Wix Hotels by HotelRunner to Airbnb iCal, your rates and reservations will not. You will need to manually update any reservations received from Airbnb iCal in your Wix Hotels by HotelRunner calendar. Manage Rates and Restrictions: You must manage your rates and booking restrictions directly from the Airbnb iCal channel extranet. Calendar Sync: The iCal integration will only transmit your Wix Hotels by HotelRunne', 'Importing Reservations from an External Calendar (iCal) to Wix Hotels\nImportant:This article refers to the original Wix Hotels.\xa0If you are using the new Wix Hotels by HotelRunner, which is not yet available to all users, please read the information\xa0here. Learn how to check which version of Wix Hotels you are using.\xa0Import your reservations from popular external services including Airbnb, HomeAway, and VRBO\xa0 to your Wix Hotels reservation calendar.Once you import your calendar, your Wix Hotels reservation calendar stays up to date.Notes:\nYou can only import from services that allow you to export your calendar in iCal format. The sync is one way only, from iCal to the Wix Calendar. Imported rates do not appear in the calendar. Rates can be viewed by clicking on the reservation in the calenda', ' multiple room types, you must add a different iCal URL for each room type.If you are having trouble importing your calendar, please contact us and prepare the following information:\nYour iCal URL A screenshot of the original calendar showing the reservations that do not show on your Wix Hotels calendar', ""dars with Wix Bookings. If you would like to see this feature in future, you can vote for it here.\xa0How do I stop syncing calendars? \nGo to Staff\xa0in your site's dashboard. Click the More Actions icon \xa0next to the relevant staff member. Click Unsync Personal Calendar. Click Unsync to confirm.\xa0Troubleshooting issues with Apple Calendar syncingTry the steps below if you are unable to successfully sync your Apple Calendar or if you notice that some events do not appear in your Booking Calendar.Step 1 | Confirm your app specific passwordIn order to sync your Apple Calendar with Wix Bookings, you must create an app-specific password. Sign in to appleid.apple.com and follow the on-screen instructions to create your app-specific password.\xa0Step 2 | Confirm the iCal accountTo check the email address ""]","['99d35ee73f15bf91e17551ee31a48a2ea55c7cc903cd53a0de5dc0684d074de8', '741830b917b47d07623d3a3c82cfbd25e07c069f1f6fa32e1b1f67c2f29c145c', '5f02fc2f8937d16a4d8cdca47da36ae34429e0b279fb0cc56af72e2d91991a28', '5f02fc2f8937d16a4d8cdca47da36ae34429e0b279fb0cc56af72e2d91991a28', '7eee0eb7f78353667b421871662d7552893b9aef31465786bee3a34446996686']",0.6889364123344421,0.04447273910045624,14.751193523406982
I am trying to verify my domain with Google Workspace. I need to add a TXT record to my domains DNS settings. I have confirmed that my domain is connected to Wix via pointing. What to do now?,"To add the Google Workspace MX records to your domain's DNS settings, you should contact your domain host (not Wix) and ask them to add the necessary MX records on their end. You will need to follow instructions for adding MX records vary between domain hosts.

Since you are not a domain host, I don't know what specific steps you can take next or who you need to contact.","['essing the Google Admin Console.Important:If your domain is connected to Wix via pointing, your domain host is in control of your domain records. Contact your domain host and ask them to add the TXT record on their end.', ""Google Workspace: Connecting a Business Email for a Domain Pointing to Wix\nIf you connected your domain to Wix via pointing and you purchased a Google Workspace business email, you must add the Google Workspace MX records in your domain host account (not Wix) to connect your business email.\xa0Important:Instructions for adding MX records vary between domain hosts. Contact your domain host if you need help adding the Google Workspace MX records.\xa0To connect Google Workspace for a domain connected via pointing:Log in to your domain host account where your DNS records are managed.\xa0Add the following MX records to your DNS settings:Tip:View Google's list of host-specific directions for adding Google Workspace MX records.\xa0Name/Host/AliasTime to Live (TTL*)Record TypePriorityValue/Answer/DestinationB"", ""Google Workspace: Manually Verifying Your Domain with Google\nIf your domain was once associated with a different owner, either in Google Workspace or in a Google Workspace reseller account, you may receive an error message similar to this in your Wix Account:In order to resolve this issue you must verify the ownership of your domain using a TXT record.\xa0To verify your domain using a TXT record:\nSign into your Google Admin Console. Click Domains.\nNote: (If hidden) Click More Controls at the bottom of your Admin console and select Domains.\xa0 Click Manage Domains. Click\xa0Set up Admin Console next to the domain you would like to verify.\xa0\nNote: If you domain isn't listed, click\xa0Add a Domain to add a new domain. Click Next and then\xa0Continue\xa0to choose TXT verification. Copy the TXT record. Add the T"", ""Google Workspace: Adding Google Workspace MX Records to Your Wix Account\nWhen you buy a Google Workspace business email from Wix, the MX records are automatically added to your domain's DNS records (unless you're connected by pointing). If you've changed your MX records, or purchased a business email outside of Wix, you can add the Google Workspace MX records from your Domains page.\xa0Important:You'll need to add the Google Workspace MX records with your domain host (not Wix) if your domain is connected via the pointing method.\xa0To add the Google Workspace MX records to your domain:\nGo to Domains in your Wix account. \ufeffClick the Domain Actions icon  next to the relevant domain. Select\xa0Edit MX Records.\nClick the drop-down and select Google Workspace.\xa0 Click Save.\xa0"", ""Adding or Updating TXT Records in Your Wix Account\nTXT (Text) records are used for various purposes such as verifying ownership of a domain.\xa0You can add or update your Text (TXT) records from the Domains page of your Wix account.Important:If your domain is connected to Wix via pointing, you must add or update TXT records with your domain host (not Wix).\xa0To add or update a TXT record:Go to the Domains page.Click the Show More icon  next to the relevant domain and select\xa0Manage DNS Records.\xa0Add or update your domain's TXT record:Show me how to add a TXT recordClick + Add Record in the TXT (Text) section. Click the Host Name field and enter the host name.Note: Leave this field blank if instructed to add an @ sign.Click the Value field and enter the TXT value.Click Save.Show me how to update a""]","['65806b123ff355cef16c8abe4301f1df982e2c3bddcd33b81ed446b92a79e336', 'db6a6c4be5c11fae531b4fdd546601bab6d4a26b669a8a7ea6063c62a045e9d4', '65806b123ff355cef16c8abe4301f1df982e2c3bddcd33b81ed446b92a79e336', '83941d6c96672b8a3197f61b76ca28195877523543085a5f3735cccb4550382d', 'fae51272469b91d2699bbbc54358c896a6537e6bc71615a5d2cf0bf1e156787d']",0.7749791145324707,0.08438253402709961,13.184181928634644
I cant access my old email address to change my password. I have a recovery phone number added to my Wix account.,"You need to add a new recovery phone number to your Wix account and use it to recover your old email address, which is associated with the original password you were trying to reset.","["" changing the email address of your Wix account.\xa0I've forgotten which email address I used for my Wix accountIf you're not sure which email address you used for your Wix account, you can use the Wix Account Recovery page. Enter your website URL and up to 3 possible email addresses you may have used and we'll help you locate your account.I no longer have access to the email address I used to create my accountIf you know the email address and password associated with your account, you can sign in and change the email address. However, if you are unable to log in at all, you can recover your account in 2 ways:\nUsing your recovery phone number Filling out the Wix Account Recovery formI can't change my email address because I've forgotten my passwordIf you know the original email address of you"", ""Email?.\nSelect Can't access my login email. Click Next. Enter the email address associated with your Wix account.\xa0 Click Next. Select Send me a code to my phone number ending with XXXX and click Next. Enter the one-time verification code sent to your phone under Enter code here. Click Verify. Enter a new password and retype it. Click Save New Password.Tip:After you recover your account, you should change the email address of your account to one that you are able to access.Recovering your account without a Recovery Phone NumberThe privacy of our users is one of our top priorities.\xa0If you can't access the email account associated with your Wix account, and do not have a Recovery Phone Number enabled for your account, you'll need to fill out the Wix Account Recovery form. Wix can then check t"", ""Adding and Updating the Recovery Phone Number in Your Wix Account\nAdding a confirmed recovery phone number can help you recover your Wix account if you're having problems signing in.\xa0For example, if you can't remember your password and you don't have access to the email associated with your account, you won't be able to reset your password via email. You can use your recovery phone number to get a one-time SMS code to log in with instead.Tip:If you've forgotten the email address of your Wix account, you can try to find it using the Wix email locator.In this article, learn more about:\nAdding a recovery phone number Updating your recovery phone numberAdding a recovery phone numberYou can add and confirm a recovery phone number in the Account Settings section of your site's dashboard.\xa0To add "", ""Your Recovery Phone NumberIf you have lost access to your email and have a recovery phone number added in your Wix account, you can have a one-time SMS code sent to your mobile phone to access your account.To recover your account using your recovery phone number:\nClick the Forgot Password or Email? link in the Wix Sign In window.\nClick Can't access my login email. Enter the email address associated with your Wix account and click Next. Select Send me a code to my phone number ending with XXXX and click Next. Enter the one-time verification code sent to your phone and click Verify. (Optional) Reset your email and / or password in your Account Settings.\xa0"", ""rn more about getting a password reset linkI forgot my email addressIf you can't remember the email address that you used to create your Wix account, you can recover your account in 2 ways:\nUse our email locator tool: If you're not sure of your Wix account's email address, you can use our email locator tool to find the correct login email.\xa0 Use your recovery phone number: If you have a recovery phone number added, you can recover your account using your phone.\xa0I lost access to my email addressIf you've lost access to the email address that you used to create your Wix account, you can recover your account in 2 ways:\nGet an SMS code: If you added a recovery phone number in your Wix account, you can get a one-time SMS code sent to your mobile phone to access your account. Submit an ownership ""]","['e9366441d1e037a1470c9bad57455dbadc24db0ca931791edd0f3b026ea6a58f', '39158650c97235d1f9b98a71be41c5222ddb3ee3e497cfb1d10ef3bd0bc166cf', 'fdcc9e7b5f280f8daa7e1d33aac96e26456a67f687f2dcc96ff7e910a55107f7', 'b5ec6ccc2fb39212da498afc1d4d53aad4296466dd1de6329859a047910ae32b', '94bbf6903c538d739f6f7a5a73d040f59876a6d639b687e141139a84366bdde9']",0.8677846193313599,0.06246277689933777,12.624215126037598
I couldn’t link PayPal to my site because the option to connect to PayPal was not available. I confirmed that I have a PayPal Business account and adjusted my business location in the Wix dashboard.,"You need to create a PayPal Business account, but it's currently not supported for integration with Wix Stores due to an update being worked on by Wix.","["": Check your business location at the top right. If incorrect, click the drop-down menu to change it. Click Connect next to PayPal.\nDepending on whether you have a PayPal business account or need to create a new one, follow the steps:Have a PayPal business account\nEnter the email address associated with your PayPal business account.\xa0 Click Connect.\xa0 Sign in to PayPal and follow the on-screen instructions.\xa0 Click Go back to Wix.com to complete the connection.\xa0Don't have a PayPal business account\nClick Create PayPal account. Follow the instructions on PayPal to create a PayPal business account. Once your account is approved, go to\xa0Accept Payments in your site's dashboard and follow the steps under\xa0Have a PayPal Account.\xa0Accepting recurring paymentsApps such as Wix Video and Pricing Plans all"", 'Wix Stores Request: PayPal Pro Integration\nCurrently, integration with PayPal Pro is not supported in Wix Stores.\xa0We are always working to update and improve our products, and your feedback is greatly appreciated.\xa0', 'Unable to Connect PayPal to Wix Hotels\nIf you are experiencing this issue, please reach out to our Customer Care team so they can assist you with a manual fix.', 'l Business account to accept payment in Wix Hotels.To set up PayPal as a payment method:Go to your dashboard.Click the Hotels tab.Click the Payments tab.Click Connect next to PayPal.Sign in to your PayPal account.Click Grant Permission.Click Save at the top right of the dashboard.', ""untIn order to accept PayPal payments through your Wix site, you need a PayPal Business account.\nLog in to your PayPal dashboard to confirm if you have a Business account.\nIf you do not have a PayPal Business account, you can change your account type to accept payments through Wix.\xa0Make sure Advanced Features are enabledFor some types of payments, such as recurring payments, you need to have Advanced Features enabled in your PayPal account.\nTo enable Advanced Features:\nGo to Accept Payments\xa0in your site's dashboard. Click\xa0Enable Advanced Options\xa0under PayPal.\n Click\xa0Grant Permission.Note: If you don't see the option to enable Advanced Features, contact Wix Customer Care.\xa0Confirm your email address / account with PayPalPayPal automatically sends an email to confirm the address you've provid""]","['7a49619f637ed0508bca64c0995e2726276d8faba2907d97350e0f01384709af', '51251360dab33d1cf6feb545c936d2bd0975acbde332739e9b71b98cdac14c1d', 'ae6747aa6746dd40856f99b1bb1bf87a5cbedf09b00326576e02b6193e0e56f5', '39f863bdd937523f52905a989e3f7ba039bfb848a857de579115ba8ff7a81e55', '5382d4922c0030a847faee1db59839b9c45bf028381d9b4ca719298756a1764a']",0.8031303882598877,0.08377817273139954,7.911791801452637
I forgot the password for my second Gmail account for business and Im not able to reset it. I have an admin account as well. Can you guide me on how to reset the password for my second Gmail account?,"You can't reset a Google Workspace (previously known as G Suite) user's password, including your second Gmail account with business privileges, if you're not the admin of that account. The process is designed specifically for admins to ensure security and control over the account.

To access your second Gmail account with business permissions, follow these steps:

1. Go to the Business Email page in Wix.
2. Click on ""Manage"" next to the relevant email address (e.g., [your-second-email@domain.com]).
3. Sign in to your Google Workspace account using your admin credentials.

Alternatively, you can reset the password for your second Gmail account by following these steps:

1. Go to the Business Email page in Wix.
2. Click on ""Reset Admin Password"" next to the relevant business email address (e.g., [your-second-email@domain.com]).
3. Enter a new password and re-type it to confirm.

Note that the admin password is required for this process, but you can still set up your second Gmail account without resetting its password as long as you're logged in with an active admin account.","[""Google Workspace: Resetting a Workspace User's Password\nIf you are the admin of a business email account, you can reset a Workspace user's password if they misplace or forget their password.\xa0Only admins can do this.To reset the password of a Workspace user:\nGo to your Business Email page. Click the Show More \xa0icon next to the relevant business email. Click Manage at Google. Sign in to your Google Workspace account:\xa0\n    \nEnter your email address. Click Next. Enter the password. Click Sign In.\nNote: If you are signed in to another Google account, click the profile image or initial at the top right and select your account.   Click Users. Hover over the relevant user and click the Reset password icon . (Optional) Toggle off Automatically generate a password, and enter a new password to manual"", 'Google Workspace: Resetting Your Admin Password\nIf you need to reset your Google Workspace admin password, you can do so at any time.\xa0To reset the admin password for your Google Workspace business email:\nGo to Business Email in your Wix account. Click the More Actions icon \xa0next to the admin email. Click Reset admin password. Enter your new password. Confirm your new password. Click Reset Password.Note:If you are still unable to access your Google Workspace business email, click here for the Google Workspace Login Troubleshooter or click here for the Google Workspace Help article.', "" and click Next.Enter the password and click Next.\xa0Tip:Switch between email accounts in Gmail by clicking your profile image or initials at the top right, then select the business email you'd like to access."", 'me and password I forgot my admin password. How can I access my account? How can I change a business email username? Is there a limit to how many emails I can send per day? How can I connect Google Workspace with Outlook? Can I set up alias addresses for a specific business email? Can I set up alias addresses for a domain? Why do I have missing emails? How can I connect Google Workspace to a mail client using IMAP?', 'Resetting Your Admin Password for Your Office 365 Mailbox\nBefore you begin:You must\xa0upgrade your site to a Premium or Studio site plan to use a business email.Important:This feature is currently not available to all users.\xa0To reset your admin password:\nGo to Business Email\xa0in your Wix account. Click Reset Admin Password next to the relevant account and do the following:\n    \nEnter your new password. Re-type your new password.\xa0   Click Reset Password.\xa0']","['0d4eac4648beb7429f61d8b637ad16cfbbf512edd9c03370c1653fac35866fd8', '3ba6727d4fdd72d2f2b8b5cd7083890402c16e134803d54658d9b85b957d0837', '2b33f462fbfa9f97c166f7ef83dc26336bf549881bc789bbb6d4a8f38c5c485b', 'fdae3364818e3eb427af9977833abbd9ade819d0e0653ac801b0d537ed0870e0', 'ce68cb3acf6860977f5acd99b8f735cdf3b3c37d61f747b4d346bf574c1cdd56']",0.693965494632721,0.053138911724090576,18.01546549797058
"I have created pages in the Wix editor, but they are not showing up on the live site even though I have hit publish. I have made sure the pages are not hidden and they are published, but they are still not showing up on the live site.","Based on the context provided, it seems that your Wix site's menu is not displaying on your live site because you haven't published it yet. To resolve this issue, follow these steps:

1. Click Publish in your editor.
2. Check if the changes made to your editor have been applied to your live site by checking your live site's site history.
3. If you've saved over a version with the changes and restored your editor to that version, try publishing again.

If none of these steps resolve the issue, it may be due to differences between your live site and the editor, or font issues. In this case, follow the steps in the Wix Technical Assistant for more information on how to troubleshoot and resolve the issue.","['Wix Editor: Menu Issues\nYour Wix site\'s menu automatically displays every page added to your site except for pages you\'ve chosen to hide. View the most common menu issues and solutions below as well as frequently asked questions.To resolve issues with your site\'s menu click below:Menu missing on live siteIf you cannot view your menu on your live site, try the following:\nMake sure you\'ve added a menu to your site. Learn How If your menu is attached to the header or footer, or set to ""show on all pages,"" make sure you are not hiding the header and footer:\xa0\n    \nClick\xa0Menus &\xa0Pages\xa0\xa0on the left side of the Editor. \xa0 Click the relevant page that isn\'t displaying your menu. Click the Show More icon . Click Settings . Click Layouts. Select Standard.   Click Publish at the top right of the Editor', ""Wix Editor: Differences in Live Site and Editor\nYou may notice differences between your live site and the editor.\xa0In most cases, this occurs when you have saved changes in the editor but not yet published them. Make sure to click Publish in your editor to check if this is the reason for the differences.\xa0If you are still unable to see the changes on your live site, follow the steps below.Important:Make sure you're also using a supported browser. Outdated browsers such as Internet Explorer 10 may display rendering issues between your editor and the live site.\xa0Changes in the editor missing on the live siteIf you've made changes in your editor that do not appear on your live site:\nClick Publish in your editor, then check your live site to see if it has updated.\xa0 If you're receiving an error wh"", ""Site or Pages Not Appearing in Search Engine Results\nWhen you publish your site, most of your pages are available for search engines like Google to crawl and index so that they can appear in search results.\xa0It can take some time for your page to appear.\xa0If you've published your site but it's not appearing in search results, the information in this article can help you get your site on Google and other search engines.\xa0However, search engines cannot guarantee that every page of your site will be indexed. It's important to note that this is perfectly normal in many cases.\xa0For example, search engines recommend not to index certain pages, such as\xa0Wix Blog archive pages. Wix automatically prevents search engines from indexing these pages.\xa0In this article, learn more about:\xa0\nChecking if your site"", ""in your editor, then check your live site to see if it has updated.\xa0 If you're receiving an error when publishing, click here.\xa0 Follow the steps in the Wix Technical Assistant to resolve the issue.\xa0Changes on the live site missing in the EditorIf you notice changes that appear on your live site are missing in the editor:\nCheck your site history to locate the last saved version with the changes. You can restore your editor to the version with the changes if you've saved over them. Make sure you're checking the correct page in your editor that corresponds to the page on your live site with the differences. Learn how to find the URL of a specific page in your editor.\xa0 Follow the steps in the Wix Technical Assistant to resolve the issue.\xa0Other reasons for differences\nFont differences can occur"", 'Wix Blog: Previewing Drafts in Wix Blog\nBefore publishing your blog post, see what it looks like on your live site using preview mode.\xa0Important:Make sure to publish your site in order to preview blog post drafts. \xa0To preview blog posts:Go to the Blog tab in your dashboard.Click Drafts on the left.Click the Show Moreicon next to the draft you want to preview.Click Preview Draft.\xa0']","['d7113791e44cd37735438840a7ffa14c24a38e862b214af542841a649b658fbc', 'dd6385654e2bc9cc5fcaf350bc944449291fa2377a61e06052035a2f0605c5b5', '568140964e5e7c1628d295e9991367ed4d3c2090a79105d435231030b620a506', 'dd6385654e2bc9cc5fcaf350bc944449291fa2377a61e06052035a2f0605c5b5', 'b6416e12ff0df01a1b8581c19248ae72dda8d7e9c6f5a9ac1c71141d8d56ffd6']",0.7733598947525024,0.1259499043226242,17.93922758102417
I have not received my payment in my bank account yet.,I don't know.,"['ur account. You cannot accept payments.', 'your payment details. Click\xa0Submit Purchase.', ""rtant:After submitting your purchase, your bank may require you to verify your identity. If you're experiencing any issues with the authentication process, contact your bank directly."", ""sk your customer to contact their bank and try again, or to use another payment method.This payment was declined by your customer's bank.Ask your customer to contact their bank and try again, or to use another payment method.Provider declined this payment.Ask the customer to try again, or to use another payment method.Payment was declined by payment service provider because the currency used is not supported.Contact your payment provider to ask if the currency you are using is supported. If not, you can do one of the following:\nChange your payment provider Change your currency for accepting paymentsStill need help?If the problem persists after trying the troubleshooting steps above,\xa0contact us\xa0and we will be happy to help."", 'u will receive the email once your account is approved by PagSeguro. Generate your security token:\n            \nLog in to your PagSeguro account. Click Integrations under Preferences on the left. Click Generate Token under Usage APIs. Copy the security token that is generated.   Return to this window (repeat steps 1-3) and follow the steps under Have an account to connect your account.    FAQsClick a question below to learn more about accepting payments.How can I tell if a payment method is active?In order to accept online payments, you must connect a payment provider.\xa0Once connected, your checkout will be active for your chosen payment method(s).\n\nYou need to have your account successfully verified to receive payouts.Is my currency supported?Be aware that payments will fail If you are usi']","['b6c9353c04f2a5e3907ffad8c44109b18c32fbce3efd1a25a7ad0ea9897cb5e1', '1f1e7f42eb9f71f227087bf71113a6da45a12efb7888e48ab57d62bd64a3dc4a', 'b616409e811767a01f310a098f1a1bc3272c652824690a34881f2b063b253da5', '88f6b5848f6f662d7fe9d69f2708f00c75067894320261c58578ad0ed732baa9', '314f1fdade593b7fed340bebbe6afbb8c18d6f0b9b257321e5f27b78268f5dd6']",0.6485006809234619,0.07586166262626648,5.306774377822876
I need assistance with creating custom hours for a staff member in the work schedule.,"To create custom hours for a staff member in the work schedule, you will need to repeat the steps as follows:

1. Select the checkbox next to the day(s) you offer the service.
2. Enter a start time.
3. Enter your end time (e.g. 2:00 AM).
4. Add an additional time period for the same day (optional).
5. Tap Save.

You can also repeat these steps for multiple days and locations. Note that this process will override any changes you make to the staff member's default hours, and it will not affect appointment services' availability.","['ernity leave cover.\xa0 Click the\xa0Repeats\xa0drop-down and choose the relevant option.\xa0 Click to select all relevant days of the week that the custom hours apply to.\xa0 Enter the start and end times in the fields provided. Choose the relevant location from the\xa0Location\xa0drop-down.\xa0 Click\xa0Save.\nNote:\xa0A summary of the custom working hours appears as you fill out the details.\xa0 (Optional) Repeat steps 3-10 to create additional custom work hours for the same staff member.\nTip: This is useful if your staff member is available in different hours / locations on different days, or if they change location during the day.\n\n(Optional) Repeat steps 3-10 to create additional custom work hours for the same staff member. \nTip: This is useful if your staff member is available in different hours / locations on diffe', ""urs to make the staff member's hours different than the business's default hours.\n            \nSelect the checkbox next to the day(s) you offer the service. Enter a start time. Enter your end time (e.g. 2:00 AM). (Optional) Add an additional time period for the same day:Click the + icon.\n                \nEnter a start and end time. (e.g. 4:00 PM - 7:00 PM). Repeat for all other work days.         Click Save."", ""Every 3 weeks or every 4 weeks. Select the days the staff member is available to book. Tap to select the Start Time. Tap to select the End Time. Tap to select the\xa0Location\xa0your staff member is available in.\nNote: A summary of the staff member's custom hours appears at the bottom of the screen. Tap Save at the top. (Optional) Repeat steps 6-14 to create additional custom work hours for the same staff member.\nTip: This is useful if your staff member is available in different hours / locations on different days, or if they change location during the day.Viewing your work scheduleThe work schedule shows a weekly view of all of your staff members' hours. You can scan through upcoming shifts, choosing the relevant time period and staff member.\xa0This is useful when someone requests time off, for e"", ""r from the Wix app on your mobile device. This is useful for creating recurring changes to a staff member's hours now, or in the future.When you create custom hours, it overrides your default hours for that staff member. Any changes you make to your default hours do not affect staff members' custom working hours.Note:Changing staff member working hours affects your appointment services' availability.DesktopWix app\nGo to Staff in your site's dashboard. Hover over the relevant staff member and click\xa0Edit. Click\xa0Add Working Hours. Select a\xa0Start Date\xa0from the field provided. (Optional) Click\xa0+ Set end date\xa0to make the custom work hours temporary. This works great for busy holiday periods or maternity leave cover.\xa0 Click the\xa0Repeats\xa0drop-down and choose the relevant option.\xa0 Click to select al"", ""appointments. Tap to select the Start Time. Tap to select the End Time. Tap to select the location for these hours from the drop-down.\xa0 Tap the Repeats drop-down to select how often your staff member works these hours at these locations: Weekly, Every 2 weeks, Every 3 weeks or every 4 weeks.\nNote: A summary of the staff member's custom hours appears at the bottom of the screen.\xa0 Tap Save at the top.\xa0 (Optional) Repeat steps 6-15 to create additional custom work hours for the same staff member. This is useful if you have multiple locations or if the staff member changes location during the day.Making one-time changes to staff working hoursYou can create one-time changes to regular working hours to allow maximum flexibility.\xa0This is useful if a staff member has to leave work early, for any r""]","['2de6c16958d89aee79f3d5e8f44686b80d74cfccf56b02bd14fecf96663e3c06', '0dacd9500177ff5b94bbfa91a503f066864b153a75d905f087b842cfd806004b', '2de6c16958d89aee79f3d5e8f44686b80d74cfccf56b02bd14fecf96663e3c06', '2de6c16958d89aee79f3d5e8f44686b80d74cfccf56b02bd14fecf96663e3c06', '7da481b1ad349cd68739926281cf3cb8836908622f0c63c6fcc02a06650eb8d9']",0.7777916193008423,0.08237235248088837,16.363351106643677
Can you help me understand how to enable guest checkout for my pricing plans on Wix?,"To enable guest checkout for PayPal in your pricing plans on Wix, follow these steps:

1. Sign in to your PayPal account and click the Settings icon (gear) on the right.
2. Click the Seller Tools tab and then scroll down to select ""Website Preferences"".
3. Select ""On"" under ""PayPal Account Optional"".

If you're unable to see this setting in your PayPal account, contact your local PayPal organization for assistance.

Note that guests with a PayPal account can still log in to their PayPal accounts to check out.","['included? section.\nTap Save. Tap Save to save the pricing plan.Offering access to eventsOffer discounts on event tickets to guests who purchase a membership plan.Note:Before you start, create the relevant events.\xa0To offer access to events:\nIf you have not done so already, create the pricing plan and save your changes.\xa0 Go to your site in the\xa0Wix app. Tap\xa0Manage\xa0\xa0at the bottom. Tap Catalog. Tap\xa0Pricing Plans. Tap to select a plan. Tap Edit Plan. Scroll down to the Connect Benefits section. Tap Connect Events.\nTap to select the events you want to connect. For each event, enter the discount amount (e.g. 25%) and enter the maximum number of tickets a guest can apply the discount to. Tap Done. Tap Save.Offering access to online programsUsing the Online Programs app, you can create programs with', ""ey need to set up a password to join your site as a paid member, if they have not done so already.\xa0To manually add a plan that a client purchased:\nGo to your site in the\xa0Wix app. Tap\xa0Manage\xa0\xa0at the bottom.\xa0 Tap\xa0Pricing Plans under Catalog. Tap the More Actions icon \xa0at the top right.\xa0 Tap Sell a pricing plan. Select an existing client or add a new one:\xa0\n    \nSelect an existing client:\xa0Tap to select an existing client. \xa0 Add a new client:\n\nTap + Add New Contact at the bottom. Enter the new contact's details. Tap Save.     Select a plan and tap Next. (Optional) Tap the date next to Valid from to edit the start date. Tap Collect Payment. Select Mark as paid / Mark as unpaid and tap Next. Tap Confirm in the pop-up.Notes: \nYour clients can also purchase membership plans and packages themselves "", ""icket type for an event.\xa0 In the Tickets tab of your event, click Edit next to Memberships. Click the toggle next to the relevant plans to enable them for this event.\nEnter the discount percentage. Enter the maximum number of tickets a guest can apply the discount to. Click Save.Step 4 | Add the Pricing Plans app in the EditorSince you added the app in the dashboard and it has an Editor component, you'll need to add it in the Editor.To add the app in the Editor:\nGo to the Wix App Market in your Editor:\n    \nWix Editor:\xa0Click\xa0Add Apps\xa0\xa0on the left side of the Editor. Editor X:\xa0Click\xa0App Market\xa0\xa0at the top of Editor X.   Click Manage Apps at the bottom left.\nClick Complete Setup next to Wix Pricing Plans.Step 5 | Customize the Plans & Pricing site pageWhenever a guest purchases a ticket that"", ""Pricing Plans: Enabling Invoices for Plan Purchases in the Wix App\nYou can automatically create invoices for pricing plans. Once enabled, clients receive an invoice with each purchase. For recurring orders, an invoice is sent each payment cycle.\xa0Important:\nInvoices are not sent when you\xa0manually add a client to a plan. Most customizations to your invoices can only be made on desktop.\xa0To enable sending invoices for plan purchases:\nGo to your site in the\xa0Wix app. Tap\xa0Manage\xa0\xa0at the bottom. Tap\xa0Pricing Plans\xa0under\xa0Catalog. Tap\xa0Settings\xa0at the top. Enable the Invoices toggle to send invoices to clients who purchase plans.To view invoices you've sent:\nGo to your site in the\xa0Wix app. Tap\xa0Manage\xa0\xa0at the bottom. Tap\xa0Subscriptions under Sales."", 'Wix Stores: Enabling Guest Checkout for PayPal\nGuest checkout for PayPal allows your customers to pay via PayPal without having a PayPal account. You can set up guest checkout for Standard or Fast Checkout.Note:Customers with PayPal accounts can still log in to their PayPal accounts to check out.To enable guest checkout in PayPal:\nSign in to your PayPal account. Click the Settings icon \xa0on the right. Click the Seller Tools tab. \xa0Click Update next to Website Preferences. Scroll down and select On under PayPal Account Optional.Note:If you are unable to see this setting in your PayPal account, please contact your local PayPal organization and ask them to enable it for you.If your customers are unable to use the Guest Checkout option, it may be due to one of the following reasons:\nIncorrect em']","['8836700905e243988bf04c4487700a6b13d5e1bb1bd52a897cf5c3c12d212ef3', 'b4174c568265c7b6e7a760d406ce7a32b158d7a2ed7e79cf26efe7c225e96ce1', '14bbf9e9ac817854ce18ab12097c8e04bcffea50e1040b9590b36787f2b69d79', '931ec15f6086b372e138d9346a13fd1435dfaee9e03b0533c69fb8594102c264', 'd3f9d3a71b910f9c6af4bb4a03b5e851d49d0e91e480a584b6d3921025c3c767']",0.7142385244369507,0.00546930730342865,17.468889713287354
I need help managing the categories my booking services are in on my Wix website.,"To manage the categories your booking services are in on your Wix website, follow these steps:

1. Go to Booking Serviized and helping your clients find the services they need.
2. Click Manage Categories.
3. Click + Add New Category.
4. Enter the Category Name.

I don't know if you created a new category or have already assigned a service to one of them.","[""Wix Bookings: Managing Services and Categories\nThe Services tab in your site's dashboard displays all your offerings in one location. Search the list by service, filter by category, and reorder your services to suit your needs. You can also customize this table to show as many details as you like.Group similar services into categories to make it easier for clients to find and book them on your site.\xa0In this article, learn more about:\nCreating categories Assigning a service to a category Reordering your services and categories Renaming categories Deleting a category Changing the view and filters on your Service ListCreating categoriesAdding categories is a great way of keeping your site organized and helping your clients find the services they need.\xa0To create a category:\nGo to Booking Servi"", ""ized and helping your clients find the services they need.\xa0To create a category:\nGo to Booking Services in your site's dashboard. Click Manage Categories. Click + Add New Category. Enter the Category Name. Click Add to save.Assigning a service to a new categoryWhen you create a new service or edit an existing one, make sure to add it to the right category. This helps your clients find the service they're looking for.\xa0Note:You can assign a service to only one category at a time.To assign a service to a category:\nGo to Booking Services\xa0in your site's dashboard. Select the service you want to assign to a category. Click the\xa0Service category\xa0drop-down and choose the relevant category. Click\xa0Save.Reordering your services and categoriesYou can rearrange the order your categories appear in on you"", 'talog and select Booking Services.\xa0 Tap + Create New Service at the bottom. Tap Class.\xa0\nGo to your site in the Wix Studio app. Tap Manage. Tap Booking Services, or tap Catalog and select Booking Services.\xa0 Tap + Create New Service at the bottom. Tap Class.Step 2 | Fill out your service detailsAdd information about what clients can expect from the class. Include a detailed description to give clients a clearer idea of what you have to offer. You can also set the maximum number of participants that can join the class.To fill out your service details:\nAdd your service details:\n    \nName:\xa0Enter a name for the class.\xa0 Category: Select a category from the drop-down menu (if you created categories). Tagline (optional):\xa0Enter a tagline that will appear below the service name on your app. Descripti', 'Wix Bookings: About Bookings Pages\nOnce you add Wix Bookings, certain pages are automatically added to your site.\xa0You use these pages to run all aspects of your Booking business; from creating services to managing your schedule each week. You can also customize each of the pages to suit your business and brand.\xa0Showcase your services using the Service ListThe service list is where you display the services you offer.\xa0Choose whether to display all your services on one page, in different service categories on different pages, or even display a single service on a page.The service list page displays details of your appointments, classes and courses. This includes the service name, price, and duration.\xa0Make sure your service list attracts potential clients by customizing the design to suit your', ""Wix Bookings: Setting Up Your Service List\nYour service list displays all the classes, courses and appointments you offer. You can display everything on one page, or divide services by category on different pages. You can also customize the service list's design to suit your brand.Step 1 | Create your service listAdd a service list and display only the services that are relevant to that page. You can update the service list as your business grows and you offer more services.Wix EditorEditor XStudio Editor\nGo to your editor. Go to the page where you want to display your services. Click Add Elements \xa0on the left side of the editor. Click Bookings. Click Service List.\nDrag the Service List element onto the page.\xa0 Click the Service List widget. Click Settings. Click Services. Under\xa0How do you ""]","['9b71e0c1c1101d626c050e2209b382430c36eb91644c25dc9016802164ea769f', '9b71e0c1c1101d626c050e2209b382430c36eb91644c25dc9016802164ea769f', '2217d7c1e8071a23acd510daa2938c89b2ecb5affc3561030e85efd291a5d134', '5f13ab9f2dc271d0b9819086cddf98bba1c82ed779381a676f17091a34037feb', '52529928c284e230f19a3ce7a4886b1ec209af110cf0332e17ecf5f7a0706cc7']",0.8408616781234741,0.12082366645336151,14.93860650062561
How do I block off time slots in a staff schedule for a single staff member.,"To block off time slots in a staff schedule for a single staff member, follow these steps:

1. Go to Staff in your site's dashboard.
2. Choose the relevant staff members under Add blocked time to their booking calendar.
3. Click the drop-down next to Staff and select the checkbox next to the relevant staff members.
4. Enter a title for the blocked time period, for example, ""training"".
5. Set the Block Period start and end dates and times using the drop-downs.

This will block off the specified time slot(s) in their schedule for that particular day or days.","['o block off on the calendar. Select Blocked Time. Choose the staff member whose time you want to block from the Staff drop-down. (Optional) Enter a Title to explain the reason for the blocked time.\xa0 Select a start date and time. Select an end date and time. (Optional) Add a note for yourself.\xa0 Click Block.\xa0FAQsHere are some frequently asked questions about blocked time:Can I block off time for multiple staff members?You can block off time for multiple staff members at the same time using the Time Blocker app. \xa0Does blocked time impact existing services like classes or courses?Blocking off hours does not override class or course sessions happening during that same time slot.\xa0It also doesn’t affect existing appointments. The blocked time will only prevent clients from booking new appointment', "" App Market, you can add the Time Blocker app to your site.\xa0To add the Time Blocker app:\nGo to the Time Blocker in the Wix App Market.\xa0 Click Add to Site.\xa0 Click Agree & Add to allow the app access to your Bookings information.\xa0Blocking off time using the Time Blocker appAfter adding the Time Blocker app, go to your dashboard to block time for multiple staff members. You can choose the relevant people, set the time period and decide whether it repeats or not (e.g. if they're unavailable for appointments at the same time every week).Note:Blocked time prevents clients from booking appointments but does not affect existing class or course sessions.\xa0To block off time for multiple staff members:\nGo to Staff\xa0in your site's dashboard. Choose the relevant staff members under Add blocked time to yo"", "" staff members have custom schedules.\xa0Making one-time changes can help accommodate your staff's schedules while making sure your business is not affected.Learn more about editing your staff members' working hours.Default work hoursYour default work hours determine the available hours during which clients can book appointments.\xa0Make sure to update your default hours so clients know when they can book their appointments.\xa0These hours automatically apply to all new staff members.Learn more about setting your default work hours.\xa0Blocked timeYou can manually block any day or part of a day in your Wix Bookings calendar for you or for a staff member. The times you block are not available for bookings. This feature is useful for scheduling holiday, personal time off or any other periods you or your"", ""ffect existing appointments. The blocked time will only prevent clients from booking new appointments in this time frame.\xa0Can I block off smaller amounts of time for prep in between sessions?You can also set up a time buffer between appointments to make sure you don't schedule sessions one right after the other.Can I allow staff to block off time themselves?You can give staff members permission to block time themselves and perform other functions."", 'Go to Staff\xa0in your site\'s dashboard. Choose the relevant staff members under Add blocked time to your booking calendar:\n    \nClick the drop-down next to Staff. Select the checkbox next to the relevant staff members.\nTip: Select the checkbox next to Select all to block off your entire team\'s calendars.  \nEnter a title for the blocked time period, for example, ""training"". Set the Block Period start and end dates and times using the drop-downs.\xa0 (Optional) Choose how often the blocked time recurs from the Repeats drop-down.\nNote: This option is only available for 1-day block periods. Click Block.\xa0Editing or removing blocked time from the Booking CalendarYou can edit or remove blocked time from the Booking Calendar whenever you need. Repeating blocked times appear as recurring events in your ']","['81815895cb357ab2acbf1da52c91beff481c88fe49d416c853b3fb88a4ae92ea', '9d8cf3feb31a9db90515b0d05cc1ac69e95d5c60c4c88962167d8e0f567c89c2', 'c5f127d6a699704b9f74647150321c4dc85c5381cc4913f0582e975f42d595f9', '81815895cb357ab2acbf1da52c91beff481c88fe49d416c853b3fb88a4ae92ea', '9d8cf3feb31a9db90515b0d05cc1ac69e95d5c60c4c88962167d8e0f567c89c2']",0.7798305749893188,0.06642238795757294,16.17354416847229
How can I delete items from a CMS collection?,"You can delete an item from a CMS (Content Management System) collection by:

1. Going to the CMS dashboard
2. Selecting the relevant collection
3. Clicking on the checkbox next to the item you want to delete","[""CMS: Deleting Items in a Collection\nYou can remove an item from your CMS (Content Management System) collection whenever you like. If the content is in both the optional Sandbox and Live collection, you need to delete the item in both locations.\xa0You can learn more about the Sandbox feature\xa0here.Important:If you have the optional Sandbox enabled, syncing your Sandbox collection does not remove the item from the Live collection.Note:Before deleting an item, make sure you don't have any dynamic pages or references in another collection connected to it, as once the item is deleted, these links or references will break.To delete an item:\nGo to\xa0CMS\xa0in your site's dashboard. Click the relevant collection. Select the checkbox next to the item you want to delete.\nTip: To select multiple items at on"", 'CMS: Deleting a Collection\nRemove unnecessary CMS (Content Management System) collections by deleting them. We recommend making sure the collection is not connected to any pages or elements on your site before deleting it.\xa0In this article, learn more about:\xa0\nDeleting a collection Potential issues with deleting connected collections Frequently Asked Questions (FAQs)Deleting a collection in the CMSYou can delete collections that you no longer need at any time. If the collection you are deleting is connected to any page or site elements, they will become disconnected when you delete.\xa0Before deleting a collection:\nMake sure the collection is not connected to your site pages or elements.\xa0 You can create a manual backup of your collections, in case you need to restore them later.\xa0 You can also e', "".DeleteUse the 'Delete' click action if you have input elements that can edit collection items and you want a way to delete an item. The 'Delete' action removes the currently displayed item from your collection.\xa0Notes:\nThis click action is only available when the dataset mode is set to Write or Read & Write. You can restore deleted collection items with CMS backups.List actionsUse the dataset 'List Actions' when you need a button to interact with other elements that read content from your collection. Make sure to connect your button or image to a dataset that is set to the Read or Read & Write mode. View the available dataset 'List Actions' below:Load moreUse the 'Load more' click action to load additional items in the dataset's connected repeater or gallery. The 'Maximum items displayed' "", ""ons\nIn the CMS, use the filter menu option to filter the data in your collection, based on the unique identifier for your visitor.Click Import/Export and select Export Filtered Data.\nThe filtered data from your collection is exported to a CSV file with the same name as your collection and saved to your browser's default location. Send the visitor the exported file.\xa0\nLearn more about exporting data.Deleting Visitor Data from Your Sandbox or Live Collections\nIn the CMS, use the filter menu option to filter the data in your collection, based on the unique identifier for your visitor.\nTo select multiple items, hold down the Ctrl key and click each row, or click and drag to select multiple rows.\xa0 Right-click on one of the selected row's numbers and select Delete from the menu.\xa0\nLearn more about"", ""hboard. Alternatively, you can click CMS  in your editor\ufeff, then click Your Collections.\xa0 Click the relevant collection. Click Manage Fields.\xa0 Hover over the relevant field and click the More Actions icon . Click Delete.\nClick the Yes, delete field checkbox then click Delete.\xa0FAQsClick below for answers to the most frequently asked questions about deleting collection fields.\xa0How do backups work?Whenever you edit a collection, an automatic backup stores an archived copy of all your collections on a weekly basis. You can also create manual backups whenever you want to instantly save a copy of all your collections. Each backup includes all your collections' content, structure fields, settings, and named views.\xa0When you restore a backup, you choose whether to restore all your collections or spe""]","['7f365d820565efdc168e39938b16e965ea0e70a394eaac7e926078ec3b562ceb', '832c8efcaab6c129db5592ee1e3c06fb03b557c00b0fc3013bd69170b643b12c', 'c2767df20a9cf21855f1214f0e60e7441ab27349a032b1d2d2e2ae38cc9d6d1b', 'ab6f2b4b9348fd2d8e4fe454b4a801a50fb7d544ab0fdf7ebac8bcb5098c50cc', 'a5d68907355dec75c4a0719073499a65105adda8f709e073f4ed86267df6b6bd']",0.7037334442138672,0.08278486132621765,13.70756196975708
I need help with setting up two different emails on my website. One for receiving order invoices and the other for general inquiries. Im specifically looking for guidance on how to set the email address for order confirmations in the Business Info section of my sites settings.,"To send automated emails from multiple addresses, you can use the feature that allows adding another sender with a different email address. 

In your case, you want to add a separate sender address for receiving order confirmation emails. To do this:

1. Go to Email Marketing in your site's dashboard.
2. Click Manage Senders under Sender details on the right-hand side.
3. Click + Add Another Sender and enter the new sender's email address (e.g., [customer@example.com]).
4. Click Save.

You will also need to confirm the recipient's reply-to address, which you can do by following these steps:

1. Go to Staff in your site's dashboard.
2. Hover over the relevant staff member and click Edit.
3. Enter the new email address for customers who receive inquiries (e.g., [customerservice@example.com]).
4. Repeat the process for other staff members as needed.

After completing these steps, you should be able to set up two separate emails on your website: one for order confirmations and another for general inquiries.","[""Request: Sending Automated Emails from Multiple Addresses\nWe are happy to announce that you can now send automated emails from multiple addresses. Using multiple emails allows your emails to come from addresses associated with specific parts of your business. For example, sending one automated email from bookings@website.com and another from sales@website.com.\xa0To add a another sender: \nGo to Email Marketing in your site's dashboard. Click Manage Senders under Sender details on the right.\xa0 Click + Add Another Sender and add your new sender details.\nClick Save. Enter the code sent to your email address and click Confirm."", ""our email through our own authenticated address. Don't worry, only your name and subject line appear in the inbox and readers' replies will go straight to your inbox. You may be asked to confirm your reply-to address. If so, you'll receive an email in your inbox with instructions.Can I send automated emails from different email addresses?Currently, it is not possible to send automated emails from multiple addresses. Each time you change your email address within an automation, this applies across all of your automations.Vote for the ability to send automated emails from multiple addresses in this feature request.Can I see if people have received and opened my automated emails?All automations that send emails give you access to email marketing statistics so you can track how many emails hav"", ""t if necessary.\xa0To confirm a staff member's email address is correct:\nGo to Staff in your site's dashboard. Hover over the relevant staff member and click Edit. Enter the staff member's correct email address if required. Repeat steps 2 - 3 as necessary for other staff members.Step 3 | Send a test email to confirm that you can receive emailsSend yourself a test email to make sure that your email address is receiving emails.\xa0To send a test email: \nGo to Booking Settings in your site dashboard.\xa0 Click Emails & SMS notifications. Click Edit next to Send clients an email confirmation when they book.\xa0 Scroll down to the Create an email section and click More Actions under the email preview.\xa0 Click Preview & Test.\xa0\nClick Send Test Email in the top right.\xa0 Enter your email address in the Send to f"", ""zing email textYou can customize the text of following emails to include your own messages, written in a way that suits your business:\xa0Order confirmationShipping confirmationResend download linksReady for pickup email\xa0To customize the text in an email:\nGo to Checkout settings in your site's dashboard. Click\xa0Edit Emails. Click Edit under the relevant email type. Adjust the email to your needs:\n    \nEdit the text: Edit the email's title, subtitle and the text on the footer. Show your email address: Select the checkbox to display an email address your customers can contact. Then, enter your email address. Show your phone number: Select the checkbox to show a phone number your customers can call. Then, enter your phone number.\xa0   When ready, click Save and Preview.\xa0Note:As you're editing the S"", "" your emailWho do you want recipients to see as the sender of your emails? Use your business name so your message is recognized at first glance. Include a reply-to email that will route straight to the right inbox, so your customers can easily get in touch.To set your sender details:\nGo to Automations\xa0in your site's dashboard. Choose what you want to do:\n    \nCreate a new automation:\n\nClick\xa0+ New Automation.\xa0 Click + Start from Scratch or click Set Up next to a suggested automation.   Edit an existing automation:\n\nClick the\xa0More Actions\xa0icon  next to the relevant automation.\xa0 Click\xa0Edit.     Click the title to give your automation a name. Select a trigger for your automation. Make sure Send an email is selected in the Action section.\nScroll down to the Manage details section and click Edit""]","['8bbeafc9f41ebb073e9eaf7219389dc36237b343a8033653359d9413ae1aafee', '9b19fff16487d6d81f188358b3be7959490e4d7291d43c35a71c5bb8b86814bc', '874e6268edb524653e503ea7da52df062b40e35a7a1274b6b2ec655a9c850f96', '8d49b4105ca40d2d98a70262552f00cbf2a217178b38cc1b786262b57cc18555', '0b612a39f15e80475a70a258ce458856413d4ab1b19b30ab2dd122a4e9c10e19']",0.6224369406700134,0.08798587322235107,22.576167345046997
I need to add funds to my Wix Payments account in order to issue a refund. Can you guide me on how to do this?,"You need to add funds to your Wix Payments account in order to issue a refund. To do this, follow these steps:

1. Go to Payments in your site's dashboard.
2. Click Add Funds & Complete Refund to add funds to your account. Enter the amount of funds you want to add and tap Continue.
3. Enter your payment details (e.g., credit/debit card information).
4. Once the funds are processed, Wix will automatically refund the relevant customer.

If you have multiple payment methods in your Wix Payments account and a negative refund balance, funds from one group cannot be used to cover a negative balance from another group.","[""op or from the Wix app on your mobile device.DesktopWix app\nGo to Payments in your site's dashboard. Select the payment to refund. Click Refund.\n Enter the amount you wish to refund. (Optional) Add a note. Click Refund and confirm by clicking Yes, Refund. If you need to add funds to refund your customer:\n    \nClick Add Funds & Complete Refund to add funds to your account. Enter your credit / debit card details and click Add Funds & Complete Refund.  \nGo to Payments in the Wix app. Tap on the payment to refund. Tap Refund.\n (Optional) Tap the Note icon \xa0to add a note of the details of this refund and tap Save. Enter the amount to refund, and tap Issue Refund. Tap Issue Refund to confirm. If you need to add funds to refund your customer:\n    \nClick Add Funds & Complete Refund to add funds to"", ""Adding Funds to Cover Refunds in Your Wix Payments Account\nYou may need to refund a customer and currently don't have enough funds in your Wix Payments account to cover the return. If your current balance can't cover a specific refund, you'll need to add funds to your Wix Payments account.See how refund top-ups are calculatedIf you have scheduled payouts, processing payments and / or reserve funds in your account, they are used to offset the amount required for top-up. For example:$100 Refund amountMinus -$20 Scheduled payout$20 Processing payment$10 Reserve funds\xa0---------------------------$50 Top-up neededTo issue a refund and add funds:Issue refunds from your Wix Payments account on desktop or from the Wix app on your mobile device.DesktopWix app\nGo to Payments in your site's dashboard."", ""ou need to add funds to refund your customer:\n    \nClick Add Funds & Complete Refund to add funds to your account. Enter the amount of funds to be added and tap Continue. Enter your payment details and tap Add Funds.  What's next?Once the funds are processed, we'll automatically refund the relevant customer. It may take up to 3-5 business days for the refund to appear in your customer's statement. \xa0Notes:\nTo add more than $20,000 to your account, contact Wix Customer Care for assistance. If you have multiple payment methods in your Wix Payments account, a negative refund balance applies only to a single payment method group. Funds from one group cannot be used to cover a negative balance from another group."", ""Wix Payments: Creating an Account\nImportant:Wix Payments is not yet available to all users.\xa0Wix Payments lets you accept various payment methods like credit cards, Apple Pay, Google Pay, BNPL and more, directly through your site; all managed from a unified dashboard.Creating a Wix Payments accountCreate your Wix Payments account directly from your site's dashboard.Before you begin:In order to accept payments on your site you must have a published site and purchase a Premium or Studio site plan that allows you to accept payments.To create an account:\nGo to Accept Payments in your site's dashboard. Click Connect next to Wix Payments.\nEnable the toggles of the payment methods you wish to accept through Wix Payments and click Continue. Click Complete Setup.\xa0 Select an option under Business Typ"", ""Refunding Your Customers with Third Party Payment Providers\nIssuing refunds to your customers can be done at Wix using a select number of supported payment providers, including Wix Payments.Some payment providers don't support refunds through Wix. If that's the case, you'll need to you'll need to issue the refund directly through their platform.\xa0In this article, learn about:\nRefunding supported payment providers Refunding unsupported payment providers Frequently asked questions (FAQs)Refunding a payment at WixIssuing refunds to your customers can be done if that payment has been made through a supported payment provider. If the option to refund does not appear next to the relevant payment, you'll have to issue the refund directly through your payment provider.\xa0To issue a refund:\nGo to Paym""]","['c8a54de5b540e9832be6e6468b5e498d532df9ea6af16ae83fcdcd15647e4c73', 'c8a54de5b540e9832be6e6468b5e498d532df9ea6af16ae83fcdcd15647e4c73', 'c8a54de5b540e9832be6e6468b5e498d532df9ea6af16ae83fcdcd15647e4c73', 'ef612b4ff20a495c8bb67e39dc901280883009787741c67ce5f2aa8a878411db', 'd82c6459020fb4f6fac4f66ef45841b68a6ece4dd1d5a02596672daadd2fc240']",0.8324840068817139,0.07033611834049225,19.352394580841064
