question,answer,contexts,latency_seconds
"I am trying to change the order of the items within a CMS collection on my Wix site, but the provided steps did not work for me.","Since there's no specific step or context provided in the question that would allow me to directly answer it, I'll need more information. However, I can guide you through the general steps for changing the order of items within a CMS collection on your Wix site:

1. Ensure you have access to the CMS collection.
2. Click on the ""Sort"" button at the top of the collection.
3. Select the field you want to sort by from the dropdown menu.
4. Choose the sorting option (e.g., A-Z, Low-High, Oldest-Newest).
5. If necessary, click ""Add Sort"".
6. Mirror your item order to the live site's connected elements by enabling the toggle next to ""Mirror item order on the site"" if you have Wix Live.
7. Reorder menu items from the Menus & Pages panel (if applicable).

If none of these steps worked for you, I'd be happy to help further or try and provide more specific guidance based on your exact situation.","[""at the top that you want to sort items in.\xa0\nClick Sort at the top of your collection. Click + Add a Sort. Click the Sort by drop-down and choose the field you want to sort. Select a sorting option under Select the order (e.g. A-Z, Low-High, Oldest-Newest). The options vary depending on the field type. Click Add Sort.\n(Optional) Mirror the item order to your live site's connected elements:\n    \nClick Mirror on Site at the top of the collection.\xa0 Enable the toggle next to Mirror item order on the site.\xa0  Tips:\nFrom the Table layout, you can manually sort the items too. Click and drag the Reorder icon  next to the relevant items to change their order. This feature is not yet released in all Wix accounts.\xa0 To edit an existing sort, click Sort, then click the Edit icon \xa0or click the Delete icon"", 'Wix Editor: Reordering Menu Items\nYou can reorder the items on your menu from the Menus & Pages panel.To reorder menu items:Click Menus & Pages on the left side of the Editor.\xa0 \xa0 \xa0 \xa0 \xa0 \xa0 \xa0 \xa0 \xa0Click and drag the menu items to a new position in the list.']",30.46631908416748
How do I sync the hotel app with my calendars ical link to allow visitors to book available dates on my site?,"To allow visitors to book available dates on your site, you need to set up the Airbnb iCal integration with Wix Hotels by HotelRunner. You can follow these steps:

1. Click Wix Hotels app inside the Editor.
2. Click Settings.
3. Click Add-Ons tab icon.
4. Click Add to Site drop-down menu next to Calendar.
5. Select the page where you want to place the calendar.
6. Drag and drop the calendar to the desired location on the page.

The calendar will then sync with your Airbnb iCal integration, allowing visitors to book available dates on your site.","['Adding a Hotel Availability Calendar to Your Site\nImportant:This article refers to the original Wix Hotels.\xa0If you are using the new Wix Hotels by HotelRunner, which is not yet available to all users, please read the information\xa0here. Learn how to check which version of Wix Hotels you are using.\xa0Add a calendar to any page of your site to show your hotel availability. Customers can click the Show Availability For drop-down menu to select which room they want to view.To add a calendar:Click Wix Hotels app inside the Editor.Click Settings.Click the Add-Ons tab icon.Click Add to Site\xa0drop-down menu next to the Calendar.Select the page you want to place the calendar on.\xa0Drag the calendar to where you want it to appear on the page.Tip:Click here to learn how to change the design of the calendar.', 'Wix Hotels by HotelRunner: Connecting Airbnb iCal to Your Site\nThe Airbnb iCal integration helps you manage your calendar availability seamlessly. Follow these steps to set up and manage your Airbnb iCal integration with Wix Hotels by HotelRunner.Important:\niCal Integration: Airbnb iCal uses a one-way iCal integration. This means that while your calendar availability will sync from Wix Hotels by HotelRunner to Airbnb iCal, your rates and reservations will not. You will need to manually update any reservations received from Airbnb iCal in your Wix Hotels by HotelRunner calendar. Manage Rates and Restrictions: You must manage your rates and booking restrictions directly from the Airbnb iCal channel extranet. Calendar Sync: The iCal integration will only transmit your Wix Hotels by HotelRunne']",17.865530252456665
I am trying to verify my domain with Google Workspace. I need to add a TXT record to my domains DNS settings. I have confirmed that my domain is connected to Wix via pointing. What to do now?,"You should contact your domain host and ask them to add the TXT record on their end, as they are in control of your domain records for connecting to Wix via pointing.","['essing the Google Admin Console.Important:If your domain is connected to Wix via pointing, your domain host is in control of your domain records. Contact your domain host and ask them to add the TXT record on their end.', ""Google Workspace: Connecting a Business Email for a Domain Pointing to Wix\nIf you connected your domain to Wix via pointing and you purchased a Google Workspace business email, you must add the Google Workspace MX records in your domain host account (not Wix) to connect your business email.\xa0Important:Instructions for adding MX records vary between domain hosts. Contact your domain host if you need help adding the Google Workspace MX records.\xa0To connect Google Workspace for a domain connected via pointing:Log in to your domain host account where your DNS records are managed.\xa0Add the following MX records to your DNS settings:Tip:View Google's list of host-specific directions for adding Google Workspace MX records.\xa0Name/Host/AliasTime to Live (TTL*)Record TypePriorityValue/Answer/DestinationB""]",9.170983791351318
Can I start accepting payments on my site while my Wix Payments account is still under verification?,I don't know.,"['e content. In some cases, we may need your cooperation in order to complete the verification process. From the time of the first transaction on your site, you have 30 days to complete your account setup or verification process. If you do not complete these processes within 30 days, your Wix Payments account will be suspended and you will not be able to accept payments through your site.\xa0ActiveYou have connected your Wix Payments account and your site is accepting payments. You are all set to receive weekly payouts to your bank account when applicable. \n\nNote: After your account is active, you may still be required to go through the verification process.\xa0SuspendedYou have not completed account setup or verification process within 30 days as required. You can reactivate your account by compl', ""Wix Payments Verification Process\nImportant:Wix Payments is not yet available to all users.You can start accepting payments on your site using Wix Payments almost immediately. However,\xa0 we need to verify your identity before your account can be fully activated.\xa0To verify your identity:\nFor an individual account: You must complete your Wix Payments account setup within the same country as your bank is located.\xa0 For a business account: The country where your company is registered must match the country where your company's bank is located. This must be the same country in which you complete your Wix Payments account setup. For a sole proprietor (United Kingdom): The country where your company is registered must match the country where your company's bank is located. This must be the same cou""]",9.081102132797241
"I am inquiring about purchasing the yearly premium plan for $17.00, which includes a free domain for 1 year. However, the voucher does not show up at checkout. Do I need to purchase the plan first and then will the voucher be available to activate?","You can claim your voucher even if you haven't purchased the yearly premium plan yet, but it won't be valid for a full year. You'll need to add the monthly plan as a payment method to your Wix account before the voucher becomes active. Once you've done that, you should see the voucher available to activate and can use it to claim a free domain for 1 year.","['sed a monthly plan:\xa0The free domain voucher is offered as a gift with the purchase of selected site plans with a billing cycle of 1 year or longer. Monthly plans do not offer the free domain voucher.\xa0 You purchased your domain name before you purchased an site plan:\xa0If you purchased your domain name prior to purchasing your plan, it is not possible to apply the voucher retroactively or get a refund for the domain. If you received the voucher and already have a domain name, you can use it to get another domain name for free.\xa0 Additional Features:\xa0The free domain voucher applies to the first year of domain registration for a new domain. It does not include domain privacy or additional years of domain registration. You can still use the domain voucher to cover part of the cost while purchasin', 'About Your Free Domain Voucher\nAs a promotional gift, you receive a 1 year free domain voucher with the initial purchase of selected yearly or multi-year Premium or Studio plans.Where can I view my vouchers?Go to the Premium Vouchers page in your Wix account to see and claim your vouchers.\xa0Note:This voucher is only included with the first-time purchase of a site plan. It is not included when renewing a plan or upgrading an existing plan. The voucher is included when changing your subscription period from monthly to yearly.Claiming the voucherThe\xa01 year free domain voucher\xa0enables you to claim a free domain for one year. The voucher is valid for two months from the date that you purchased your plan.\xa0Tip:You can check the expiration date of your voucher in the Premium Vouchers section of you']",7.738540172576904
I'm want to know how much it would cost to upgrade my email plan.,"To get access to more email marketing features and choose the package that works for your business, you need to upgrade your email marketing plan.","[""Email Marketing: Upgrading Your Email Marketing Plan\nTo get access to more email marketing features upgrade your email marketing plan and choose the package that works for your business.To upgrade your email marketing plan:\nGo to Email Marketing\xa0in your site's dashboard. Under Monthly Balance click Upgrade. Choose a plan that works best for you and checkout.Want to compare plans before upgrading?Compare the different email marketing plans to see which is right for your business. Choose your plan by the number of emails you’re planning to send a month and any additional features you are interested in.\xa0"", 'Pricing Plans Request: Additional Email Notifications for Pricing Plan Customers\nCurrently, customers receive a confirmation email after they purchase their plan. They do not receive additional email notifications such as renewal reminders, notifications about changes etc.We are always working to update and improve our products, and your feedback is hugely appreciated.']",3.648808240890503
I want to know if the Wix store function work for selling services instead of just physical goods,"Based on the context, it seems that Wix Stores is primarily designed for selling physical or digital products. The feature list mentions selling up to 50,000 products, which implies a focus on e-commerce with physical goods. While there are some features related to digital products (e.g., product subscriptions), they are not specifically mentioned as being suitable for services.

It's possible that Wix Stores could be adapted or expanded to include service sales, but it would likely require significant development and customization to accommodate the unique needs of a service-based business.","[' bookings, services, coaching, consultations and more. Wix Stores reports focus on purchases and transactions made if you have an online store.', 'Wix Stores: An Overview of Store Features\nWix Stores is an eCommerce platform that offers you tons of exciting features to help you create a stunning and professional online store.We are constantly improving the Wix Stores and adding new options. Take a look at some of the things you can do.Sell your productsYou can offer up to 50,000 products in your online store.\xa0Sell physical or digital products, increase revenue with product subscriptions, connect the right payment method for your business, and start taking secure payments online.\nSell digital products Sell product subscriptions Sell gift cards Display different images for each product option Display product videos Connect multiple payment methods Let customers pay in installments Import store products from other platformsSell dropship']",7.158492565155029
How can I add discounts to my service prices when customers pay for a plan?,"You cannot add discounts to your service prices when customers pay for a plan. The answer is ""I don't know.""","[' one. Scroll down to the Price and Payment section. Choose the relevant price option in the Price type drop-down:\n    \nFixed Price: Set a standard price for the service. No Fee: Choose this option for free service. Varied prices: Create different price options depending on either the client type or the staff member.\nNote:\xa0This feature is not available for everyone yet.\xa0 Custom Price: Describe how you charge for the service, for example, ""Price negotiable"".   Click Create New Plan next to Pricing Plans (Memberships & Packages). Click Package.\xa0 Click Next.\xa0 Enter the plan name and description. Choose the services included in the package:\n    \nClick the What services are included? drop-down.\xa0 Select the checkbox next to the relevant services.\nTip: Click Select All Services to create an all-in', 'You can also offer discounts by including the appointment in a package or membership.\xa0Let your clients pay per session, with a membership plan or package, or have both options to give clients more flexibility when paying.To set your price & payment details:\nScroll down to the Price & payment section.\xa0 Select the relevant option under Choose how clients can pay for this service:\n\nPer session: Clients pay for sessions based on the price you set. With a plan: Clients buy a membership or package to book sessions. Per session or with a plan: Clients pay either per session or with a membership or package.\xa0   Depending on the payment method you chose, follow the steps to set it up:Per sessionSelect the relevant pricing option from the Price type drop-down:\nFixed price: A set amount you choose:\n  ']",5.825748443603516
